experiment_id,legacy_labels,family,claim_type,primary_question,control,changed_factor,primary_metrics,canonical_record,machine_data,status,comparability
9B-PD-01,v1.0,9B Q6_K,feasibility,Can CUDA Prefill hand state to Vulkan Decode,AI Max+ 395 only,Prompt share prefetched on RTX 3060,TTFT prefill decode continuity handoff size,results/v1.0-independent-pd.md,data/benchmark-results.csv,completed,Only inside the 9B v1.0 envelope
9B-PIPE-01,v2.1|v2.2|v2.3|v2.4 checkpoints,9B Q6_K,controlled-acceleration,Can asynchronous layered stages make both devices contribute compute,RTX 3060 only and AI Max+ 395 only,Pipeline scheduling checkpoint,Prefill decode repeatability output boundary,results/v2.4-fused-layer-pipeline.md,data/benchmark-results.csv,completed,Only against same-envelope standalone controls
27B-LONG-01,27B-A|3060-IQ3,Qwen3.8-27B UD-IQ3_XXS,matched-host-improvement,Can layered placement improve long-prompt execution over the 395 host,AI Max+ 395 only,Add RTX 3060 layer stage,Prompt-depth completion prefill decode,results/qwen3.8-27b-dual-machine-pd.md,data/qwen27b-local-results.csv,completed,Not comparable with Q4 or 9B rows
27B-PD-01,27B-B|3080-Q4-v1.0,Qwen3.8-27B Q4_K_M,feasibility,Can 3080 Prefill hand off to 395 Decode across C1-C6,AI Max+ 395 solo,Route through two-node PD,TTFT prefill decode KV migration success,results/qwen3.8-27b-dual-machine-pd.md,data/qwen27b-local-results.csv,completed,Historical scheduler envelope only
27B-KV-01,27B-C|27B-D|remote-kv-latest,Qwen3.8-27B Q4_K_M,capacity-envelope,What serving trade-off results from 3080 full compute plus 395 KV-only storage,No matched latest no-remote-KV run,Profile C or D and concurrency,Context capacity prefill single and aggregate decode,results/qwen3.8-27b-dual-machine-pd.md,data/qwen27b-local-results.csv,partial,Profiles are not separate experiments and missing tiers remain missing
27B-DRAFT-AUDIT-01,395-natural-audit,Qwen3.8-27B Q4_K_M,validation-audit,Do repetitive-text speculative results represent natural language,Historical headless value is contextual only,Natural-language workload,Completion decode acceptance ms per step tokens per step,results/qwen3.8-27b-dual-machine-pd.md,data/qwen27b-local-results.csv,completed,Guardrail not architecture ranking
ORNITH-PD-01,35B-A3B|r337,Ornith-1.5-35B-A3B IQ4_XS,stability-envelope,Can MoE PD keep phase attribution through short and 100K C1-C6 stress,No matched single-node speed control,Prompt depth and concurrency,Route success KV reuse pure-phase throughput,results/ornith-1.5-35b-a3b-dual-machine-pd.md,data/ornith35a3b-local-results.csv,completed,Not comparable with dense 27B
FLASH-SPLIT-01,Flash-Q4|r374-layer-split,Qwen3.8-Flash Q4,concurrency-envelope,Can one CUDA plus Vulkan layer-split server sustain C1-C6,No standalone control,Concurrency,HTTP success aggregate prefill decode total throughput VRAM,results/qwen3.8-flash-q4-layer-split.md,data/qwen38flash-q4-local-results.csv,completed,No causal acceleration claim
EXT-DGX-01,DGX Spark controls,External community data,external-context,What public measurements provide context for local questions,Not applicable,External source and workload,Original reported metric and method,results/dgx-spark-community-control.md,data/dgx-spark-community-controls.csv,reference,Never a matched local control
