release,experiment,revision,configuration,primary_path,control_path,model,quantization,kv_type,workload,concurrency,input_tokens,output_tokens,ttft_primary_ms,ttft_control_ms,token1_to_2_ms,prefill_primary_tok_s,prefill_control_tok_s,prefill_aggregate_primary_tok_s,prefill_aggregate_control_tok_s,decode_primary_tok_s,decode_control_tok_s,decode_aggregate_primary_tok_s,decode_aggregate_control_tok_s,e2e_aggregate_primary_tok_s,e2e_aggregate_control_tok_s,kv_migration_ms,acceptance_pct,ms_per_step,tokens_per_step,status,notes
2.11,35B-A3B,dual-pd-35a3b,hot-pd-matrix,RTX3080-prefill+395-Vulkan-decode,NA,Ornith-1.5-35B-A3B,IQ4_XS,NA,service-1000in-128out,1,1000,128,NA,NA,NA,NA,NA,4017.46,NA,NA,NA,NA,NA,NA,NA,NA,NA,NA,NA,measured,MoE 35B-A3B; qwen35moe 40 layers; 10 full attention + 30 Gated DeltaNet; r337 dual-machine PD only; RTX 3080 is pure Prefill and AI Max+ 395 is pure Decode; scored matrix ctx 114688 on 3080 and ctx 655360 on 395; batch 4096 ubatch 4096; DFlash draft n_max 6 on the 395 Decode node; KV via /dev/shm/kvxo; 42/42 route=pd n_reuse=0; prefill_aggregate_primary_tok_s is 3080 pure Prefill; e2e_aggregate_primary_tok_s is intentionally NA because whole-stage wall clock is not pure Decode; short 395 pure-Decode rate not recorded; MoE not directly comparable with 27B dense rows
2.11,35B-A3B,dual-pd-35a3b,hot-pd-matrix,RTX3080-prefill+395-Vulkan-decode,NA,Ornith-1.5-35B-A3B,IQ4_XS,NA,service-1000in-128out,2,1000,128,NA,NA,NA,NA,NA,3947.64,NA,NA,NA,NA,NA,NA,NA,NA,NA,NA,NA,measured,Metric semantics as C1 row; short 395 pure-Decode rate not recorded; MoE not directly comparable with 27B dense rows
2.11,35B-A3B,dual-pd-35a3b,hot-pd-matrix,RTX3080-prefill+395-Vulkan-decode,NA,Ornith-1.5-35B-A3B,IQ4_XS,NA,service-1000in-128out,3,1000,128,NA,NA,NA,NA,NA,3924.83,NA,NA,NA,NA,NA,NA,NA,NA,NA,NA,NA,measured,Metric semantics as C1 row; short 395 pure-Decode rate not recorded; MoE not directly comparable with 27B dense rows
2.11,35B-A3B,dual-pd-35a3b,hot-pd-matrix,RTX3080-prefill+395-Vulkan-decode,NA,Ornith-1.5-35B-A3B,IQ4_XS,NA,service-1000in-128out,4,1000,128,NA,NA,NA,NA,NA,3913.85,NA,NA,NA,NA,NA,NA,NA,NA,NA,NA,NA,measured,Metric semantics as C1 row; short 395 pure-Decode rate not recorded; MoE not directly comparable with 27B dense rows
2.11,35B-A3B,dual-pd-35a3b,hot-pd-matrix,RTX3080-prefill+395-Vulkan-decode,NA,Ornith-1.5-35B-A3B,IQ4_XS,NA,service-1000in-128out,5,1000,128,NA,NA,NA,NA,NA,3906.09,NA,NA,NA,NA,NA,NA,NA,NA,NA,NA,NA,measured,Metric semantics as C1 row; short 395 pure-Decode rate not recorded; MoE not directly comparable with 27B dense rows
2.11,35B-A3B,dual-pd-35a3b,hot-pd-matrix,RTX3080-prefill+395-Vulkan-decode,NA,Ornith-1.5-35B-A3B,IQ4_XS,NA,service-1000in-128out,6,1000,128,NA,NA,NA,NA,NA,3943.88,NA,NA,NA,NA,NA,NA,NA,NA,NA,NA,NA,measured,Metric semantics as C1 row; short 395 pure-Decode rate not recorded; MoE not directly comparable with 27B dense rows
2.11,35B-A3B,dual-pd-35a3b,hot-pd-matrix,RTX3080-prefill+395-Vulkan-decode,NA,Ornith-1.5-35B-A3B,IQ4_XS,NA,service-100000in-128out,1,100000,128,NA,NA,NA,NA,NA,2895.53,NA,NA,NA,23.33,NA,NA,NA,NA,NA,NA,NA,measured,100K input / 128 output; r337 dual-machine PD only; RTX 3080 is pure Prefill and AI Max+ 395 is pure Decode; scored matrix ctx 114688 on 3080 and ctx 655360 on 395; six dFlash slots advanced to 100K before scored rows and warm-up excluded; prefill_aggregate_primary_tok_s is 3080 pure Prefill; decode_aggregate_primary_tok_s is 395 pure Decode; e2e_aggregate_primary_tok_s is intentionally NA because whole-stage wall clock is not pure Decode; 100K TTFT not recorded; 100K single-stream Decode not recorded; KV migration milliseconds not recorded; dFlash acceptance rate not recorded; MoE not directly comparable with 27B dense rows
2.11,35B-A3B,dual-pd-35a3b,hot-pd-matrix,RTX3080-prefill+395-Vulkan-decode,NA,Ornith-1.5-35B-A3B,IQ4_XS,NA,service-100000in-128out,2,100000,128,NA,NA,NA,NA,NA,2826.07,NA,NA,NA,53.37,NA,NA,NA,NA,NA,NA,NA,measured,100K semantics as C1 row; warm-up excluded; missing metrics remain NA; MoE not directly comparable with 27B dense rows
2.11,35B-A3B,dual-pd-35a3b,hot-pd-matrix,RTX3080-prefill+395-Vulkan-decode,NA,Ornith-1.5-35B-A3B,IQ4_XS,NA,service-100000in-128out,3,100000,128,NA,NA,NA,NA,NA,2796.34,NA,NA,NA,75.20,NA,NA,NA,NA,NA,NA,NA,measured,100K semantics as C1 row; warm-up excluded; missing metrics remain NA; MoE not directly comparable with 27B dense rows
2.11,35B-A3B,dual-pd-35a3b,hot-pd-matrix,RTX3080-prefill+395-Vulkan-decode,NA,Ornith-1.5-35B-A3B,IQ4_XS,NA,service-100000in-128out,4,100000,128,NA,NA,NA,NA,NA,2795.28,NA,NA,NA,103.33,NA,NA,NA,NA,NA,NA,NA,measured,100K semantics as C1 row; warm-up excluded; missing metrics remain NA; MoE not directly comparable with 27B dense rows
2.11,35B-A3B,dual-pd-35a3b,hot-pd-matrix,RTX3080-prefill+395-Vulkan-decode,NA,Ornith-1.5-35B-A3B,IQ4_XS,NA,service-100000in-128out,5,100000,128,NA,NA,NA,NA,NA,2793.56,NA,NA,NA,123.09,NA,NA,NA,NA,NA,NA,NA,measured,100K semantics as C1 row; warm-up excluded; missing metrics remain NA; MoE not directly comparable with 27B dense rows
2.11,35B-A3B,dual-pd-35a3b,hot-pd-matrix,RTX3080-prefill+395-Vulkan-decode,NA,Ornith-1.5-35B-A3B,IQ4_XS,NA,service-100000in-128out,6,100000,128,NA,NA,NA,NA,NA,2793.24,NA,NA,NA,148.20,NA,NA,NA,NA,NA,NA,NA,measured,100K semantics as C1 row; warm-up excluded; missing metrics remain NA; MoE not directly comparable with 27B dense rows
2.26,35B-A3B,fused-dflash-pd,final-optimized-recipe,RTX3080-prefill+395-Vulkan-DFlash-decode,NA,Ornith-1.5-35B-A3B,IQ4_XS,q4_0,service-1000in-128out,1,1000,128,NA,NA,NA,4173.47,NA,NA,NA,114.86,NA,NA,NA,NA,NA,NA,93.86,NA,NA,measured,three-process PD; 8082 prefill on RTX 3080 CUDA0 batch 4096 ubatch 4096 ctx 8192 with 1 slot; 8081 decode on 395 Vulkan1 with spec-type draft-dflash n_max 6 parallel 6 kv-unified ctx 32768 batch 2048 ubatch 512; 8080 router pre-tps 3387 dec-pp-tps 1050; KV via /dev/shm/kvxo; single stream and not a concurrency matrix; DFlash draft acceptance 107/114; 3080 VRAM 18661/20480 MiB; 395 Vulkan about 22678/65536 MiB; all three endpoints HTTP 200 with no OOM; negative control on the same recipe with a different prompt gave prefill 3665.3 and decode 37.2 at 9.4 percent acceptance; source r379_summary.md; MoE not directly comparable with 27B dense rows
2.26,35B-A3B,fused-dflash-pd,final-optimized-recipe-bigger-batch,RTX3080-prefill+395-Vulkan-DFlash-decode,NA,Ornith-1.5-35B-A3B,IQ4_XS,q4_0,service-1000in-128out,1,1000,128,NA,NA,NA,4123.15,NA,NA,NA,114.42,NA,NA,NA,NA,NA,NA,NA,NA,NA,measured,Metric semantics as the final-optimized-recipe row; 8082 batch and ubatch raised to 8196; 8081 ctx raised to 131072 as the single-request maximum under the unified KV pool and not 128K reserved per slot; draft acceptance not recorded; a separate performance gate in the same round reached only 3785/44 because that prompt had low draft acceptance; remote backup at /home/hfy/r382/; source r382_ctx_prefill.md; MoE not directly comparable with 27B dense rows
